Solution	Run times	Error
46330	33349515.0	0.15363545816733068
160719	40746993.0	0.19403129225420127
