Solution	Run times	Error
53428	130209466.0	0.3303784860557769
287259	167455810.0	1.1341361941130146
